Benchmark, Time[s]
n10_0, 0.33, Number of attractors: 1
n10_1, 0.30, Number of attractors: 1
n10_10, 0.32, Number of attractors: 1
n10_11, 0.32, Number of attractors: 1
n10_12, 0.29, Number of attractors: 1
n10_13, 0.32, Number of attractors: 5
n10_14, 0.32, Number of attractors: 1
n10_15, 0.32, Number of attractors: 1
n10_16, 0.32, Number of attractors: 2
n10_17, 0.33, Number of attractors: 1
n10_18, 0.30, Number of attractors: 1
n10_19, 0.34, Number of attractors: 2
n10_2, 0.32, Number of attractors: 2
n10_20, 0.34, Number of attractors: 1
n10_21, 0.31, Number of attractors: 5
n10_22, 0.35, Number of attractors: 1
n10_23, 0.33, Number of attractors: 1
n10_24, 0.31, Number of attractors: 2
n10_25, 0.30, Number of attractors: 2
n10_26, 0.31, Number of attractors: 6
n10_27, 0.30, Number of attractors: 1
n10_28, 0.33, Number of attractors: 1
n10_29, 0.32, Number of attractors: 1
n10_3, 0.31, Number of attractors: 2
n10_30, 0.32, Number of attractors: 3
n10_31, 0.33, Number of attractors: 3
n10_32, 0.31, Number of attractors: 1
n10_33, 0.02, Network solved through constant propagation.
n10_34, 0.31, Number of attractors: 1
n10_35, 0.01, Network solved through constant propagation.
n10_36, 0.30, Number of attractors: 1
n10_37, 0.33, Number of attractors: 1
n10_38, 0.32, Number of attractors: 6
n10_39, 0.31, Number of attractors: 2
n10_4, 0.32, Number of attractors: 3
n10_40, 0.33, Number of attractors: 16
n10_41, 0.34, Number of attractors: 2
n10_42, 0.32, Number of attractors: 1
n10_43, 0.30, Number of attractors: 2
n10_44, 0.34, Number of attractors: 3
n10_45, 0.31, Number of attractors: 1
n10_46, 0.31, Number of attractors: 1
n10_47, 0.31, Number of attractors: 1
n10_48, 0.32, Number of attractors: 1
n10_49, 0.33, Number of attractors: 2
n10_5, 0.32, Number of attractors: 1
n10_50, 0.35, Number of attractors: 2
n10_51, 0.33, Number of attractors: 1
n10_52, 0.34, Number of attractors: 1
n10_53, 0.32, Number of attractors: 1
n10_54, 0.31, Number of attractors: 2
n10_55, 0.30, Number of attractors: 2
n10_56, 0.33, Number of attractors: 1
n10_57, 0.32, Number of attractors: 1
n10_58, 0.31, Number of attractors: 3
n10_59, 0.32, Number of attractors: 1
n10_6, 0.31, Number of attractors: 2
n10_60, 0.30, Number of attractors: 1
n10_61, 0.32, Number of attractors: 1
n10_62, 0.33, Number of attractors: 2
n10_63, 0.33, Number of attractors: 2
n10_64, 0.32, Number of attractors: 2
n10_65, 0.33, Number of attractors: 1
n10_66, 0.32, Number of attractors: 2
n10_67, 0.30, Number of attractors: 4
n10_68, 0.32, Number of attractors: 5
n10_69, 0.33, Number of attractors: 1
n10_7, 0.32, Number of attractors: 1
n10_70, 0.31, Number of attractors: 2
n10_71, 0.33, Number of attractors: 4
n10_72, 0.32, Number of attractors: 1
n10_73, 0.32, Number of attractors: 1
n10_74, 0.33, Number of attractors: 1
n10_75, 0.32, Number of attractors: 4
n10_76, 0.32, Number of attractors: 2
n10_77, 0.32, Number of attractors: 3
n10_78, 0.02, Network solved through constant propagation.
n10_79, 0.32, Number of attractors: 1
n10_8, 0.32, Number of attractors: 1
n10_80, 0.32, Number of attractors: 1
n10_81, 0.31, Number of attractors: 2
n10_82, 0.33, Number of attractors: 1
n10_83, 0.31, Number of attractors: 2
n10_84, 0.32, Number of attractors: 2
n10_85, 0.01, Network solved through constant propagation.
n10_86, 0.31, Number of attractors: 3
n10_87, 0.30, Number of attractors: 2
n10_88, 0.32, Number of attractors: 1
n10_89, 0.30, Number of attractors: 2
n10_9, 0.01, Network solved through constant propagation.
n10_90, 0.30, Number of attractors: 1
n10_91, 0.31, Number of attractors: 2
n10_92, 0.32, Number of attractors: 2
n10_93, 0.30, Number of attractors: 2
n10_94, 0.31, Number of attractors: 2
n10_95, 0.33, Number of attractors: 1
n10_96, 0.35, Number of attractors: 1
n10_97, 0.31, Number of attractors: 3
n10_98, 0.32, Number of attractors: 2
n10_99, 0.33, Number of attractors: 2
n1280_0, 8.49, Number of attractors: 8
n1280_1, 7.27, Number of attractors: 2
n1280_10, 4.67, Number of attractors: 1
n1280_11, 5.12, Number of attractors: 2
n1280_12, 4.65, Number of attractors: 1
n1280_13, 11.17, Number of attractors: 3
n1280_14, 4.72, Number of attractors: 4
n1280_15, 4.51, Number of attractors: 1
n1280_16, 7.25, Number of attractors: 2
n1280_17, 4.72, Number of attractors: 32
n1280_18, 15.78, Number of attractors: 6
n1280_19, 4.51, Number of attractors: 2
n1280_2, 8.07, Number of attractors: 2
n1280_20, 6.78, Number of attractors: 1
n1280_21, 4.56, Number of attractors: 1
n1280_22, 4.94, Number of attractors: 10
n1280_23, 4.54, Number of attractors: 8
n1280_24, 129.44, Number of attractors: 2
n1280_25, 4.67, Number of attractors: 6
n1280_26, 7.36, Number of attractors: 2
n1280_27, 5.45, Number of attractors: 2
n1280_28, 4.99, Number of attractors: 16
n1280_29, 27.23, Number of attractors: 4
n1280_3, 484.80, 	at mtsNFVS.main(mtsNFVS.java:3313)
n1280_30, 5.07, Number of attractors: 3
n1280_31, 8.30, Number of attractors: 2
n1280_32, 5.49, Number of attractors: 2
n1280_33, 345.85, 	at mtsNFVS.main(mtsNFVS.java:3313)
n1280_34, 4.55, Number of attractors: 2
n1280_35, 4.61, Number of attractors: 2
n1280_36, 5.53, Number of attractors: 4
n1280_37, 4.75, Number of attractors: 1
n1280_38, 4.90, Number of attractors: 3
n1280_39, 53.09, Number of attractors: 3
n1280_4, 4.57, Number of attractors: 2
n1280_40, 6.48, Number of attractors: 4
n1280_41, 5.01, Number of attractors: 3
n1280_42, 103.43, 	at mtsNFVS.main(mtsNFVS.java:3313)
n1280_43, 5.23, Number of attractors: 2
n1280_44, 23.92, Number of attractors: 1
n1280_45, 5.80, Number of attractors: 4
n1280_46, 9.85, Number of attractors: 2
n1280_47, 4.56, Number of attractors: 4
n1280_48, 246.52, Number of attractors: 7
n1280_49, 9.13, Number of attractors: 4
n1280_5, 1284.46, Number of attractors: 2
n1280_50, 5.57, Number of attractors: 2
n1280_51, 4.61, Number of attractors: 1
n1280_52, 4.51, Number of attractors: 2
n1280_53, 4.60, Number of attractors: 2
n1280_54, 4.59, Number of attractors: 4
n1280_55, 5.25, Number of attractors: 12
n1280_56, 7.20, Number of attractors: 2
n1280_57, 13.89, Number of attractors: 2
n1280_58, 4.61, Number of attractors: 2
n1280_59, FAIL, Attractor 4 (cyclic): 1000011001010000010111101001000111101010000011101110101110010111100000101011001011111111000001101001101111101000101111100011111000001011111010011011100101001110010000110111101111111111100010000001000001001101011110000111010001010011001000101111001010110000001100100110011000000001100001001100010101100100000000011011011110011100110010110111111100101011111011010011010111000010111111110110101101011101000000110011011111100101111111101101111010100110100000001001011001010000011110000011100110010001001101000001110111110001000110011110100111110111110110001100000
n1280_6, 6.36, Number of attractors: 1
n1280_60, 6.34, Number of attractors: 2
n1280_61, 6.81, Number of attractors: 1
n1280_62, 4.51, Number of attractors: 2
n1280_63, 4.72, Number of attractors: 2
n1280_64, 6.53, Number of attractors: 1
n1280_65, 4.44, Number of attractors: 8
n1280_66, 8.02, Number of attractors: 2
n1280_67, 5.41, Number of attractors: 4
n1280_68, 4.15, Network solved through constant propagation.
n1280_69, 7.53, Number of attractors: 12
n1280_7, 10.04, Number of attractors: 2
n1280_70, 4.56, Number of attractors: 1
n1280_71, 6.02, Number of attractors: 4
n1280_72, 5.09, Number of attractors: 4
n1280_73, 5.77, Number of attractors: 8
n1280_74, 4.54, Number of attractors: 4
n1280_75, 5.19, Number of attractors: 2
n1280_76, 5.05, Number of attractors: 2
n1280_77, 7.34, Number of attractors: 4
n1280_78, 7.17, Number of attractors: 1
n1280_79, 5.96, Number of attractors: 5
n1280_8, 6.15, Number of attractors: 6
n1280_80, 4.69, Number of attractors: 8
n1280_81, 8.77, Number of attractors: 4
n1280_82, 9.12, Number of attractors: 1
n1280_83, 5.75, Number of attractors: 2
n1280_84, 7.38, Number of attractors: 1
n1280_85, 6.24, Number of attractors: 2
n1280_86, 5.09, Number of attractors: 2
n1280_87, 4.50, Number of attractors: 1
n1280_88, 5.47, Number of attractors: 4
n1280_89, 5.53, Number of attractors: 4
n1280_9, 3484.62, Number of attractors: 4
n1280_90, 5.81, Number of attractors: 1
n1280_91, 4.95, Number of attractors: 1
n1280_92, 16.12, Number of attractors: 1
n1280_93, 10.55, Number of attractors: 1
n1280_94, 4.49, Number of attractors: 2
n1280_95, 6.51, Number of attractors: 2
n1280_96, 6.26, Number of attractors: 8
n1280_97, 10.09, Number of attractors: 2
n1280_98, 4.68, Number of attractors: 4
n1280_99, fail
n160_0, 0.39, Number of attractors: 1
n160_1, 0.38, Number of attractors: 6
n160_10, 0.71, Number of attractors: 8
n160_11, 0.59, Number of attractors: 3
n160_12, 0.43, Number of attractors: 1
n160_13, 0.06, Network solved through constant propagation.
n160_14, 0.51, Number of attractors: 3
n160_15, 0.33, Number of attractors: 4
n160_16, 0.44, Number of attractors: 2
n160_17, 0.37, Number of attractors: 1
n160_18, 0.54, Number of attractors: 2
n160_19, 0.06, Network solved through constant propagation.
n160_2, 0.72, Number of attractors: 1
n160_20, 0.41, Number of attractors: 2
n160_21, 0.41, Number of attractors: 2
n160_22, 0.35, Number of attractors: 1
n160_23, 0.35, Number of attractors: 2
n160_24, 0.36, Number of attractors: 2
n160_25, 0.39, Number of attractors: 1
n160_26, 0.42, Number of attractors: 2
n160_27, 0.51, Number of attractors: 1
n160_28, 0.56, Number of attractors: 6
n160_29, 0.06, Network solved through constant propagation.
n160_3, 0.06, Network solved through constant propagation.
n160_30, 0.42, Number of attractors: 4
n160_31, 0.68, Number of attractors: 2
n160_32, 0.72, Number of attractors: 1
n160_33, 0.35, Number of attractors: 1
n160_34, 0.43, Number of attractors: 6
n160_35, 0.38, Number of attractors: 4
n160_36, 24.73, Number of attractors: 4
n160_37, 0.44, Number of attractors: 1
n160_38, 0.57, Number of attractors: 4
n160_39, 0.57, Number of attractors: 12
n160_4, 0.34, Number of attractors: 2
n160_40, 0.58, Number of attractors: 6
n160_41, 0.60, Number of attractors: 1
n160_42, 0.56, Number of attractors: 1
n160_43, 0.34, Number of attractors: 2
n160_44, 0.42, Number of attractors: 2
n160_45, 0.40, Number of attractors: 2
n160_46, 0.07, Network solved through constant propagation.
n160_47, 63.84, 	at mtsNFVS.main(mtsNFVS.java:3313)
n160_48, 0.38, Number of attractors: 2
n160_49, 0.46, Number of attractors: 4
n160_5, 0.34, Number of attractors: 1
n160_50, 0.53, Number of attractors: 2
n160_51, 0.06, Network solved through constant propagation.
n160_52, 0.72, Number of attractors: 2
n160_53, 0.36, Number of attractors: 4
n160_54, 0.66, Number of attractors: 1
n160_55, 0.63, Number of attractors: 3
n160_56, 0.35, Number of attractors: 2
n160_57, 0.42, Number of attractors: 1
n160_58, 0.78, Number of attractors: 9
n160_59, 0.43, Number of attractors: 4
n160_6, 0.58, Number of attractors: 3
n160_60, 0.61, Number of attractors: 1
n160_61, 0.36, Number of attractors: 2
n160_62, 0.54, Number of attractors: 10
n160_63, 0.41, Number of attractors: 2
n160_64, 0.45, Number of attractors: 2
n160_65, 0.46, Number of attractors: 2
n160_66, 0.49, Number of attractors: 4
n160_67, 0.38, Number of attractors: 2
n160_68, 0.77, Number of attractors: 10
n160_69, 0.89, Number of attractors: 1
n160_7, 0.05, Network solved through constant propagation.
n160_70, 0.55, Number of attractors: 3
n160_71, 0.44, Number of attractors: 7
n160_72, 0.75, Number of attractors: 4
n160_73, 0.63, Number of attractors: 3
n160_74, 0.52, Number of attractors: 2
n160_75, 0.36, Number of attractors: 2
n160_76, 0.37, Number of attractors: 1
n160_77, 1.93, Number of attractors: 4
n160_78, 0.55, Number of attractors: 3
n160_79, 0.38, Number of attractors: 2
n160_8, 0.34, Number of attractors: 2
n160_80, 0.38, Number of attractors: 1
n160_81, 0.47, Number of attractors: 4
n160_82, 0.41, Number of attractors: 2
n160_83, 0.39, Number of attractors: 3
n160_84, 0.44, Number of attractors: 4
n160_85, 0.06, Network solved through constant propagation.
n160_86, 0.40, Number of attractors: 2
n160_87, 0.41, Number of attractors: 4
n160_88, 0.44, Number of attractors: 8
n160_89, 0.64, Number of attractors: 2
n160_9, 0.42, Number of attractors: 2
n160_90, 0.54, Number of attractors: 4
n160_91, 0.81, Number of attractors: 1
n160_92, 0.40, Number of attractors: 4
n160_93, 0.43, Number of attractors: 2
n160_94, 0.49, Number of attractors: 3
n160_95, 0.59, Number of attractors: 1
n160_96, 0.37, Number of attractors: 1
n160_97, 0.43, Number of attractors: 2
n160_98, 0.48, Number of attractors: 4
n160_99, 0.69, Number of attractors: 4
n20_0, 0.33, Number of attractors: 6
n20_1, 0.30, Number of attractors: 1
n20_10, 0.34, Number of attractors: 1
n20_11, 0.31, Number of attractors: 1
n20_12, 0.33, Number of attractors: 1
n20_13, 0.30, Number of attractors: 8
n20_14, 0.30, Number of attractors: 2
n20_15, 0.02, Network solved through constant propagation.
n20_16, 0.32, Number of attractors: 1
n20_17, 0.32, Number of attractors: 1
n20_18, 0.32, Number of attractors: 1
n20_19, 0.30, Number of attractors: 1
n20_2, 0.30, Number of attractors: 1
n20_20, 0.35, Number of attractors: 1
n20_21, 0.30, Number of attractors: 2
n20_22, 0.02, Network solved through constant propagation.
n20_23, 0.31, Number of attractors: 2
n20_24, 0.31, Number of attractors: 1
n20_25, 0.34, Number of attractors: 1
n20_26, 0.02, Network solved through constant propagation.
n20_27, 0.02, Network solved through constant propagation.
n20_28, 0.34, Number of attractors: 1
n20_29, 0.33, Number of attractors: 6
n20_3, 0.33, Number of attractors: 2
n20_30, 0.33, Number of attractors: 3
n20_31, 0.31, Number of attractors: 1
n20_32, 0.32, Number of attractors: 8
n20_33, 0.31, Number of attractors: 2
n20_34, 0.32, Number of attractors: 1
n20_35, 0.30, Number of attractors: 2
n20_36, 0.33, Number of attractors: 2
n20_37, 0.30, Number of attractors: 2
n20_38, 0.32, Number of attractors: 1
n20_39, 0.30, Number of attractors: 2
n20_4, 0.33, Number of attractors: 1
n20_40, 0.33, Number of attractors: 4
n20_41, 0.02, Network solved through constant propagation.
n20_42, 0.34, Number of attractors: 6
n20_43, 0.33, Number of attractors: 2
n20_44, 0.34, Number of attractors: 1
n20_45, 0.32, Number of attractors: 8
n20_46, 0.32, Number of attractors: 3
n20_47, 0.33, Number of attractors: 2
n20_48, 0.32, Number of attractors: 2
n20_49, 0.34, Number of attractors: 12
n20_5, 0.35, Number of attractors: 3
n20_50, 0.32, Number of attractors: 2
n20_51, 0.32, Number of attractors: 2
n20_52, 0.30, Number of attractors: 8
n20_53, 0.36, Number of attractors: 4
n20_54, 0.33, Number of attractors: 5
n20_55, 0.33, Number of attractors: 2
n20_56, 0.32, Number of attractors: 3
n20_57, 0.34, Number of attractors: 2
n20_58, 0.33, Number of attractors: 1
n20_59, 0.32, Number of attractors: 2
n20_6, 0.33, Number of attractors: 2
n20_60, 0.34, Number of attractors: 10
n20_61, 0.33, Number of attractors: 1
n20_62, 0.35, Number of attractors: 6
n20_63, 0.30, Number of attractors: 2
n20_64, 0.31, Number of attractors: 1
n20_65, 0.31, Number of attractors: 4
n20_66, 0.31, Number of attractors: 2
n20_67, 0.32, Number of attractors: 1
n20_68, 0.34, Number of attractors: 1
n20_69, 0.33, Number of attractors: 1
n20_7, 0.32, Number of attractors: 2
n20_70, 0.32, Number of attractors: 1
n20_71, 0.33, Number of attractors: 4
n20_72, 0.02, Network solved through constant propagation.
n20_73, 0.02, Network solved through constant propagation.
n20_74, 0.32, Number of attractors: 1
n20_75, 0.33, Number of attractors: 1
n20_76, 0.31, Number of attractors: 1
n20_77, 0.33, Number of attractors: 2
n20_78, 0.31, Number of attractors: 2
n20_79, 0.31, Number of attractors: 5
n20_8, 0.34, Number of attractors: 4
n20_80, 0.33, Number of attractors: 1
n20_81, 0.34, Number of attractors: 1
n20_82, 0.32, Number of attractors: 2
n20_83, 0.34, Number of attractors: 2
n20_84, 0.33, Number of attractors: 2
n20_85, 0.31, Number of attractors: 1
n20_86, 0.33, Number of attractors: 2
n20_87, 0.32, Number of attractors: 1
n20_88, 0.34, Number of attractors: 1
n20_89, 0.34, Number of attractors: 1
n20_9, 0.33, Number of attractors: 2
n20_90, 0.34, Number of attractors: 2
n20_91, 0.32, Number of attractors: 1
n20_92, 0.32, Number of attractors: 1
n20_93, 0.32, Number of attractors: 2
n20_94, 0.32, Number of attractors: 1
n20_95, 0.32, Number of attractors: 1
n20_96, 0.33, Number of attractors: 1
n20_97, 0.34, Number of attractors: 2
n20_98, 0.32, Number of attractors: 5
n20_99, 0.33, Number of attractors: 6
n2560_0, fail
n2560_1, 24.44, Number of attractors: 1
n2560_10, 25.25, Number of attractors: 2
n2560_11, 73.30, Number of attractors: 6
n2560_12, 26.88, Number of attractors: 4
n2560_13, 84.09, Number of attractors: 24
n2560_14, 25.66, Number of attractors: 4
n2560_15, 129.63, Number of attractors: 1
n2560_16, 35.35, Number of attractors: 2
n2560_17, 23.97, Number of attractors: 1
n2560_18, 24.93, Number of attractors: 1
n2560_19, 26.18, Number of attractors: 8
n2560_2, 272.48, Number of attractors: 4
n2560_20, 25.75, Number of attractors: 4
n2560_21, FAIL, Attractor 4 (cyclic): 011101001100011110100000001110110011110111110010011101101110110101101010111111010001001001000011010010100101010101001010011111100001010011100011110111100001000101110011111011110011001100101110010011101110101011101010010101000100000010000100000011101001001010001001010001011000101111101010010100111101100101001000010101111101000001011101100111110111000110101101100011011101011000100100101101101001111101101011111111000111110010100100100101100110111111011011011111001000101100100111110011101011011111001110010010001100101101001100010010100100111010111011101101100010000111001001100001101001100110101111010101110011100110010000101000111001111010101101111011100010111011010000001111001101000101101010100011000001010100111110100100111100000100110101011110100111111101111001101100111010001011100101110001111001000111010111000011100100101111111000000110010100010111111001101111101111000011101010001011111110010010110000
n2560_22, 24.24, Network solved through constant propagation.
n2560_23, 29.18, Number of attractors: 8
n2560_24, 24.40, Number of attractors: 2
n2560_25, 30.33, Number of attractors: 1
n2560_26, 28.40, Number of attractors: 2
n2560_27, 31.22, Number of attractors: 10
n2560_28, 23.90, Number of attractors: 4
n2560_29, 41.80, Number of attractors: 8
n2560_3, 26.97, Number of attractors: 1
n2560_30, 24.36, Number of attractors: 1
n2560_31, 24.56, Number of attractors: 1
n2560_32, 34.30, Number of attractors: 1
n2560_33, 26.09, Number of attractors: 1
n2560_34, 26.29, Number of attractors: 2
n2560_35, 192.76, Number of attractors: 4
n2560_36, 24.12, Number of attractors: 2
n2560_37, 25.10, Number of attractors: 24
n2560_38, 24.46, Number of attractors: 1
n2560_39, 23.49, Number of attractors: 4
n2560_4, 29.12, Number of attractors: 8
n2560_40, 27.66, Number of attractors: 1
n2560_41, 25.10, Number of attractors: 4
n2560_42, 26.38, Number of attractors: 4
n2560_43, 24.81, Number of attractors: 2
n2560_44, 23.61, Number of attractors: 4
n2560_45, 30.20, Number of attractors: 1
n2560_46, 25.13, Number of attractors: 8
n2560_47, 26.10, Number of attractors: 4
n2560_48, 24.43, Network solved through constant propagation.
n2560_49, 26.11, Number of attractors: 4
n2560_5, 24.45, Number of attractors: 2
n2560_50, 24.34, Number of attractors: 4
n2560_51, 27.36, Number of attractors: 4
n2560_52, 27.73, Number of attractors: 1
n2560_53, 27.27, Number of attractors: 4
n2560_54, 24.66, Number of attractors: 8
n2560_55, 25.25, Number of attractors: 2
n2560_56, 24.06, Number of attractors: 4
n2560_57, 24.21, Number of attractors: 2
n2560_58, 23.93, Number of attractors: 2
n2560_59, 886.58, Number of attractors: 8
n2560_6, 25.48, Number of attractors: 2
n2560_60, 24.34, Number of attractors: 2
n2560_61, 28.43, Number of attractors: 2
n2560_62, 33.01, Number of attractors: 8
n2560_63, 26.39, Number of attractors: 1
n2560_64, 24.54, Number of attractors: 2
n2560_65, 27.55, Number of attractors: 2
n2560_66, 104.14, Number of attractors: 14
n2560_67, 29.01, Number of attractors: 5
n2560_68, 24.64, Number of attractors: 1
n2560_69, 24.15, Number of attractors: 2
n2560_7, fail
n2560_70, 25.26, Number of attractors: 2
n2560_71, 429.90, 	at mtsNFVS.main(mtsNFVS.java:3313)
n2560_72, 26.33, Number of attractors: 6
n2560_73, 26.18, Number of attractors: 2
n2560_74, 26.44, Number of attractors: 2
n2560_75, 28.27, Number of attractors: 2
n2560_76, 25.53, Number of attractors: 6
n2560_77, 24.19, Number of attractors: 1
n2560_78, fail
n2560_79, 23.87, Number of attractors: 2
n2560_8, 24.36, Number of attractors: 3
n2560_80, 25.23, Number of attractors: 2
n2560_81, 24.90, Number of attractors: 4
n2560_82, 23.19, Number of attractors: 2
n2560_83, 25.68, Number of attractors: 2
n2560_84, 28.70, Number of attractors: 1
n2560_85, 878.95, 	at mtsNFVS.main(mtsNFVS.java:3313)
n2560_86, 30.59, Number of attractors: 4
n2560_87, 31.28, Number of attractors: 6
n2560_88, 27.05, Number of attractors: 4
n2560_89, 25.56, Number of attractors: 2
n2560_9, 24.90, Number of attractors: 2
n2560_90, 55.99, Number of attractors: 2
n2560_91, 24.28, Number of attractors: 2
n2560_92, 25.78, Number of attractors: 2
n2560_93, 23.62, Network solved through constant propagation.
n2560_94, 29.03, Number of attractors: 16
n2560_95, 29.14, Number of attractors: 4
n2560_96, 24.21, Number of attractors: 2
n2560_97, 29.46, Number of attractors: 1
n2560_98, 25.44, Number of attractors: 2
n2560_99, 27.37, Number of attractors: 6
n320_0, 8.74, Number of attractors: 2
n320_1, 0.73, Number of attractors: 1
n320_10, 1.24, Number of attractors: 2
n320_11, 0.20, Network solved through constant propagation.
n320_12, 6.87, 	at mtsNFVS.main(mtsNFVS.java:3313)
n320_13, 50.54, Number of attractors: 1
n320_14, 0.58, Number of attractors: 1
n320_15, 0.50, Number of attractors: 2
n320_16, 0.20, Network solved through constant propagation.
n320_17, 0.65, Number of attractors: 6
n320_18, 0.47, Number of attractors: 2
n320_19, 1.16, Number of attractors: 8
n320_2, 0.84, Number of attractors: 2
n320_20, 0.20, Network solved through constant propagation.
n320_21, 42.31, Number of attractors: 2
n320_22, 0.63, Number of attractors: 4
n320_23, 1.03, Number of attractors: 1
n320_24, 0.78, Number of attractors: 6
n320_25, 0.66, Number of attractors: 1
n320_26, 0.71, Number of attractors: 8
n320_27, 0.20, Network solved through constant propagation.
n320_28, 0.49, Number of attractors: 2
n320_29, 0.99, Number of attractors: 1
n320_3, 0.74, Number of attractors: 1
n320_30, 0.60, Number of attractors: 4
n320_31, 0.88, Number of attractors: 2
n320_32, 0.56, Number of attractors: 2
n320_33, 1.19, Number of attractors: 1
n320_34, 0.53, Number of attractors: 2
n320_35, 6.00, 	at mtsNFVS.main(mtsNFVS.java:3313)
n320_36, 0.67, Number of attractors: 4
n320_37, 0.48, Number of attractors: 2
n320_38, 0.57, Number of attractors: 4
n320_39, 1.34, Number of attractors: 1
n320_4, 1.67, Number of attractors: 2
n320_40, 0.88, Number of attractors: 1
n320_41, 0.77, Number of attractors: 2
n320_42, 0.81, Number of attractors: 2
n320_43, 0.52, Number of attractors: 2
n320_44, 0.79, Number of attractors: 2
n320_45, 0.75, Number of attractors: 1
n320_46, 0.79, Number of attractors: 2
n320_47, 0.55, Number of attractors: 4
n320_48, 0.57, Number of attractors: 8
n320_49, 0.49, Number of attractors: 1
n320_5, 0.64, Number of attractors: 8
n320_50, 1.64, Number of attractors: 2
n320_51, 0.82, Number of attractors: 2
n320_52, 6.87, Number of attractors: 1
n320_53, 0.53, Number of attractors: 1
n320_54, 0.67, Number of attractors: 4
n320_55, 0.82, Number of attractors: 4
n320_56, 0.57, Number of attractors: 2
n320_57, 0.49, Number of attractors: 2
n320_58, 0.73, Number of attractors: 1
n320_59, 0.55, Number of attractors: 6
n320_6, 0.87, Number of attractors: 1
n320_60, 0.50, Number of attractors: 2
n320_61, 0.52, Number of attractors: 2
n320_62, 0.69, Number of attractors: 4
n320_63, 0.77, Number of attractors: 4
n320_64, 1.27, Number of attractors: 1
n320_65, 0.63, Number of attractors: 2
n320_66, 0.49, Number of attractors: 4
n320_67, 0.74, Number of attractors: 2
n320_68, 0.58, Number of attractors: 1
n320_69, 0.49, Number of attractors: 2
n320_7, 0.64, Number of attractors: 2
n320_70, 0.73, Number of attractors: 2
n320_71, 0.52, Number of attractors: 4
n320_72, 0.20, Network solved through constant propagation.
n320_73, 1.21, Number of attractors: 2
n320_74, 0.58, Number of attractors: 1
n320_75, 0.48, Number of attractors: 2
n320_76, 0.51, Number of attractors: 1
n320_77, 0.63, Number of attractors: 8
n320_78, 0.93, Number of attractors: 2
n320_79, 0.54, Number of attractors: 1
n320_8, 1.28, Number of attractors: 1
n320_80, 0.56, Number of attractors: 1
n320_81, 0.20, Network solved through constant propagation.
n320_82, 2.45, Number of attractors: 1
n320_83, 0.75, Number of attractors: 1
n320_84, 1.06, Number of attractors: 28
n320_85, 1.10, Number of attractors: 2
n320_86, 1.19, Number of attractors: 2
n320_87, 0.51, Number of attractors: 1
n320_88, 0.77, Number of attractors: 2
n320_89, 0.65, Number of attractors: 8
n320_9, 0.94, Number of attractors: 8
n320_90, 0.48, Number of attractors: 1
n320_91, 0.20, Network solved through constant propagation.
n320_92, 0.54, Number of attractors: 1
n320_93, 0.49, Number of attractors: 1
n320_94, 5.61, Number of attractors: 2
n320_95, 0.68, Number of attractors: 4
n320_96, 1.19, Number of attractors: 5
n320_97, 0.96, Number of attractors: 3
n320_98, 1.12, Number of attractors: 3
n320_99, 0.50, Number of attractors: 2
n40_0, 0.40, Number of attractors: 1
n40_1, 0.31, Number of attractors: 2
n40_10, 0.38, Number of attractors: 3
n40_11, 0.35, Number of attractors: 1
n40_12, 0.37, Number of attractors: 2
n40_13, 0.33, Number of attractors: 2
n40_14, 0.34, Number of attractors: 1
n40_15, 0.34, Number of attractors: 1
n40_16, 0.32, Number of attractors: 2
n40_17, 0.35, Number of attractors: 2
n40_18, 0.37, Number of attractors: 4
n40_19, 0.36, Number of attractors: 1
n40_2, 0.32, Number of attractors: 1
n40_20, 0.31, Number of attractors: 1
n40_21, 0.37, Number of attractors: 1
n40_22, 0.35, Number of attractors: 1
n40_23, 0.32, Number of attractors: 1
n40_24, 0.39, Number of attractors: 1
n40_25, 0.35, Number of attractors: 1
n40_26, 0.31, Number of attractors: 4
n40_27, 0.31, Number of attractors: 1
n40_28, 0.31, Number of attractors: 2
n40_29, 0.36, Number of attractors: 1
n40_3, 0.02, Network solved through constant propagation.
n40_30, 0.02, Network solved through constant propagation.
n40_31, 0.33, Number of attractors: 2
n40_32, 0.30, Number of attractors: 6
n40_33, 0.33, Number of attractors: 3
n40_34, 0.35, Number of attractors: 4
n40_35, 0.35, Number of attractors: 4
n40_36, 0.38, Number of attractors: 2
n40_37, 0.39, Number of attractors: 4
n40_38, 0.36, Number of attractors: 1
n40_39, 0.34, Number of attractors: 4
n40_4, 0.40, Number of attractors: 2
n40_40, 0.33, Number of attractors: 1
n40_41, 0.35, Number of attractors: 2
n40_42, 0.32, Number of attractors: 3
n40_43, 0.38, Number of attractors: 1
n40_44, 0.35, Number of attractors: 2
n40_45, 0.33, Number of attractors: 2
n40_46, 0.41, Number of attractors: 2
n40_47, 0.31, Number of attractors: 2
n40_48, 0.31, Number of attractors: 2
n40_49, 0.33, Number of attractors: 1
n40_5, 0.35, Number of attractors: 1
n40_50, 0.41, Number of attractors: 1
n40_51, 0.34, Number of attractors: 2
n40_52, 0.35, Number of attractors: 1
n40_53, 0.32, Number of attractors: 2
n40_54, 0.34, Number of attractors: 3
n40_55, 0.30, Number of attractors: 2
n40_56, 0.31, Number of attractors: 2
n40_57, 0.33, Number of attractors: 4
n40_58, 0.44, Number of attractors: 1
n40_59, 0.33, Number of attractors: 1
n40_6, 0.02, Network solved through constant propagation.
n40_60, 0.34, Number of attractors: 1
n40_61, 0.39, Number of attractors: 1
n40_62, 0.34, Number of attractors: 1
n40_63, 0.36, Number of attractors: 1
n40_64, 0.40, Number of attractors: 3
n40_65, 0.31, Number of attractors: 1
n40_66, 0.34, Number of attractors: 1
n40_67, 0.36, Number of attractors: 1
n40_68, 0.35, Number of attractors: 1
n40_69, 0.32, Number of attractors: 2
n40_7, 0.30, Number of attractors: 4
n40_70, 0.38, Number of attractors: 2
n40_71, 0.35, Number of attractors: 4
n40_72, 0.31, Number of attractors: 2
n40_73, 0.33, Number of attractors: 2
n40_74, 0.32, Number of attractors: 1
n40_75, 0.31, Number of attractors: 1
n40_76, 0.31, Number of attractors: 2
n40_77, 0.38, Number of attractors: 1
n40_78, 0.40, Number of attractors: 1
n40_79, 0.32, Number of attractors: 2
n40_8, 0.37, Number of attractors: 4
n40_80, 0.35, Number of attractors: 2
n40_81, 0.34, Number of attractors: 1
n40_82, 0.34, Number of attractors: 2
n40_83, 0.35, Number of attractors: 1
n40_84, 0.30, Number of attractors: 12
n40_85, 0.38, Number of attractors: 28
n40_86, 0.33, Number of attractors: 1
n40_87, 0.41, Number of attractors: 4
n40_88, 0.32, Number of attractors: 4
n40_89, 0.41, Number of attractors: 1
n40_9, 0.30, Number of attractors: 1
n40_90, 0.34, Number of attractors: 1
n40_91, 0.34, Number of attractors: 1
n40_92, 0.36, Number of attractors: 1
n40_93, 0.33, Number of attractors: 2
n40_94, 0.34, Number of attractors: 1
n40_95, 0.36, Number of attractors: 3
n40_96, 0.02, Network solved through constant propagation.
n40_97, 0.32, Number of attractors: 1
n40_98, 0.35, Number of attractors: 3
n40_99, 0.33, Number of attractors: 1
n5_0, 0.31, Number of attractors: 1
n5_1, 0.33, Number of attractors: 3
n5_10, 0.29, Number of attractors: 1
n5_11, 0.01, Network solved through constant propagation.
n5_12, 0.30, Number of attractors: 2
n5_13, 0.30, Number of attractors: 2
n5_14, 0.32, Number of attractors: 1
n5_15, 0.30, Number of attractors: 2
n5_16, 0.01, Network solved through constant propagation.
n5_17, 0.31, Number of attractors: 1
n5_18, 0.30, Number of attractors: 1
n5_19, 0.30, Number of attractors: 2
n5_2, 0.32, Number of attractors: 1
n5_20, 0.30, Number of attractors: 3
n5_21, 0.30, Number of attractors: 1
n5_22, 0.29, Number of attractors: 4
n5_23, 0.29, Number of attractors: 1
n5_24, 0.31, Number of attractors: 1
n5_25, 0.32, Number of attractors: 1
n5_26, 0.01, Network solved through constant propagation.
n5_27, 0.32, Number of attractors: 1
n5_28, 0.29, Number of attractors: 1
n5_29, 0.32, Number of attractors: 2
n5_3, 0.32, Number of attractors: 1
n5_30, 0.31, Number of attractors: 1
n5_31, 0.31, Number of attractors: 1
n5_32, 0.31, Number of attractors: 1
n5_33, 0.01, Network solved through constant propagation.
n5_34, 0.30, Number of attractors: 1
n5_35, 0.31, Number of attractors: 1
n5_36, 0.31, Number of attractors: 1
n5_37, 0.01, Network solved through constant propagation.
n5_38, 0.31, Number of attractors: 1
n5_39, 0.31, Number of attractors: 2
n5_4, 0.32, Number of attractors: 1
n5_40, 0.01, Network solved through constant propagation.
n5_41, 0.32, Number of attractors: 4
n5_42, 0.32, Number of attractors: 1
n5_43, 0.31, Number of attractors: 3
n5_44, 0.32, Number of attractors: 1
n5_45, 0.32, Number of attractors: 1
n5_46, 0.29, Number of attractors: 2
n5_47, 0.33, Number of attractors: 2
n5_48, 0.31, Number of attractors: 1
n5_49, 0.31, Number of attractors: 1
n5_5, 0.31, Number of attractors: 1
n5_50, 0.30, Number of attractors: 1
n5_51, 0.29, Number of attractors: 4
n5_52, 0.32, Number of attractors: 1
n5_53, 0.32, Number of attractors: 1
n5_54, 0.30, Number of attractors: 1
n5_55, 0.30, Number of attractors: 2
n5_56, 0.31, Number of attractors: 2
n5_57, 0.31, Number of attractors: 1
n5_58, 0.31, Number of attractors: 1
n5_59, 0.34, Number of attractors: 1
n5_6, 0.32, Number of attractors: 2
n5_60, 0.32, Number of attractors: 1
n5_61, 0.33, Number of attractors: 1
n5_62, 0.31, Number of attractors: 2
n5_63, 0.32, Number of attractors: 1
n5_64, 0.30, Number of attractors: 2
n5_65, 0.31, Number of attractors: 1
n5_66, 0.30, Number of attractors: 2
n5_67, 0.31, Number of attractors: 1
n5_68, 0.30, Number of attractors: 1
n5_69, 0.31, Number of attractors: 1
n5_7, 0.31, Number of attractors: 1
n5_70, 0.30, Number of attractors: 2
n5_71, 0.30, Number of attractors: 2
n5_72, 0.31, Number of attractors: 1
n5_73, 0.01, Network solved through constant propagation.
n5_74, 0.31, Number of attractors: 2
n5_75, 0.31, Number of attractors: 4
n5_76, 0.32, Number of attractors: 1
n5_77, 0.01, Network solved through constant propagation.
n5_78, 0.32, Number of attractors: 2
n5_79, 0.31, Number of attractors: 2
n5_8, 0.30, Number of attractors: 2
n5_80, 0.32, Number of attractors: 3
n5_81, 0.29, Number of attractors: 1
n5_82, 0.30, Number of attractors: 2
n5_83, 0.31, Number of attractors: 1
n5_84, 0.32, Number of attractors: 2
n5_85, 0.30, Number of attractors: 1
n5_86, 0.01, Network solved through constant propagation.
n5_87, 0.29, Number of attractors: 1
n5_88, 0.32, Number of attractors: 2
n5_89, 0.01, Network solved through constant propagation.
n5_9, 0.31, Number of attractors: 3
n5_90, 0.29, Number of attractors: 2
n5_91, 0.31, Number of attractors: 4
n5_92, 0.31, Number of attractors: 1
n5_93, 0.30, Number of attractors: 2
n5_94, 0.31, Number of attractors: 2
n5_95, 0.30, Number of attractors: 2
n5_96, 0.02, Network solved through constant propagation.
n5_97, 0.30, Number of attractors: 1
n5_98, 0.29, Number of attractors: 2
n5_99, 0.30, Number of attractors: 1
n640_0, 1.55, Number of attractors: 2
n640_1, 1.27, Number of attractors: 2
n640_10, 1.74, Number of attractors: 1
n640_11, 3.16, Number of attractors: 4
n640_12, 1.43, Number of attractors: 1
n640_13, 1.31, Number of attractors: 9
n640_14, 2.56, Number of attractors: 2
n640_15, 47.76, Number of attractors: 4
n640_16, 1.77, Number of attractors: 1
n640_17, 1.64, Number of attractors: 1
n640_18, 1.31, Number of attractors: 2
n640_19, 1.32, Number of attractors: 1
n640_2, 2.07, Number of attractors: 1
n640_20, 1.17, Number of attractors: 2
n640_21, 1.21, Number of attractors: 8
n640_22, 2.27, Number of attractors: 6
n640_23, 1.67, Number of attractors: 1
n640_24, 1.56, Number of attractors: 3
n640_25, 2.85, Number of attractors: 1
n640_26, 200.04, Number of attractors: 2
n640_27, 1.15, Number of attractors: 3
n640_28, 1.27, Number of attractors: 4
n640_29, 2.64, Number of attractors: 4
n640_3, 1.65, Number of attractors: 2
n640_30, 2.57, Number of attractors: 2
n640_31, 1.21, Number of attractors: 2
n640_32, 1.10, Number of attractors: 2
n640_33, 2.35, Number of attractors: 1
n640_34, 1.57, Number of attractors: 1
n640_35, 1.19, Number of attractors: 1
n640_36, 1.33, Number of attractors: 1
n640_37, 21.10, Number of attractors: 5
n640_38, 1.16, Number of attractors: 2
n640_39, 1.44, Number of attractors: 2
n640_4, 4.45, Number of attractors: 3
n640_40, 1.57, Number of attractors: 6
n640_41, 4.54, Number of attractors: 4
n640_42, 1.15, Number of attractors: 2
n640_43, 1.97, Number of attractors: 8
n640_44, 1.10, Number of attractors: 1
n640_45, 1.30, Number of attractors: 6
n640_46, 2.04, Number of attractors: 2
n640_47, 1.16, Number of attractors: 4
n640_48, 1.37, Number of attractors: 2
n640_49, 1.40, Number of attractors: 4
n640_5, 1.87, Number of attractors: 2
n640_50, 44.17, Number of attractors: 8
n640_51, 3.07, Number of attractors: 3
n640_52, 6.89, Number of attractors: 1
n640_53, 1.79, Number of attractors: 2
n640_54, 1.15, Number of attractors: 2
n640_55, 1.23, Number of attractors: 2
n640_56, 1.17, Number of attractors: 1
n640_57, 2.54, Number of attractors: 3
n640_58, 2.42, Number of attractors: 2
n640_59, 1.13, Number of attractors: 2
n640_6, 2.20, Number of attractors: 1
n640_60, 75.64, 	at mtsNFVS.main(mtsNFVS.java:3313)
n640_61, 2.39, Number of attractors: 12
n640_62, 1.17, Number of attractors: 2
n640_63, 2.00, Number of attractors: 2
n640_64, 1.13, Number of attractors: 1
n640_65, 1.13, Number of attractors: 1
n640_66, 3.04, Number of attractors: 2
n640_67, 1.79, Number of attractors: 1
n640_68, 1.74, Number of attractors: 1
n640_69, 1.98, Number of attractors: 1
n640_7, 3.61, Number of attractors: 2
n640_70, 2.17, Number of attractors: 3
n640_71, 1.23, Number of attractors: 1
n640_72, 1.54, Number of attractors: 1
n640_73, 22.52, Number of attractors: 6
n640_74, 1.37, Number of attractors: 2
n640_75, 1.50, Number of attractors: 2
n640_76, 1.72, Number of attractors: 6
n640_77, 1.62, Number of attractors: 3
n640_78, 3.14, Number of attractors: 1
n640_79, 3.49, Number of attractors: 6
n640_8, 4.44, Number of attractors: 1
n640_80, 1.71, Number of attractors: 4
n640_81, 3.76, Number of attractors: 2
n640_82, 2.06, Number of attractors: 4
n640_83, 1.18, Number of attractors: 8
n640_84, 1.40, Number of attractors: 2
n640_85, 1.58, Number of attractors: 6
n640_86, 55.60, Number of attractors: 5
n640_87, 3.62, Number of attractors: 2
n640_88, 4.00, Number of attractors: 8
n640_89, 2.83, Number of attractors: 16
n640_9, 1.89, Number of attractors: 5
n640_90, 1.35, Number of attractors: 6
n640_91, 5.07, Number of attractors: 1
n640_92, 2.97, Number of attractors: 1
n640_93, 2.59, Number of attractors: 4
n640_94, 2.30, Number of attractors: 20
n640_95, 1.44, Number of attractors: 9
n640_96, 2.27, Number of attractors: 2
n640_97, 1.31, Number of attractors: 2
n640_98, 1.17, Number of attractors: 1
n640_99, 1.23, Number of attractors: 1
n80_0, 0.35, Number of attractors: 1
n80_1, 0.38, Number of attractors: 1
n80_10, 0.39, Number of attractors: 2
n80_11, 0.46, Number of attractors: 1
n80_12, 0.36, Number of attractors: 1
n80_13, 0.51, Number of attractors: 1
n80_14, 0.33, Number of attractors: 2
n80_15, 0.39, Number of attractors: 1
n80_16, 0.41, Number of attractors: 1
n80_17, 0.33, Number of attractors: 1
n80_18, 0.36, Number of attractors: 16
n80_19, 0.33, Number of attractors: 1
n80_2, 0.49, Number of attractors: 1
n80_20, 0.31, Number of attractors: 2
n80_21, 0.03, Network solved through constant propagation.
n80_22, 0.56, Number of attractors: 2
n80_23, 0.44, Number of attractors: 3
n80_24, 0.02, Network solved through constant propagation.
n80_25, 0.41, Number of attractors: 1
n80_26, 0.02, Network solved through constant propagation.
n80_27, 0.38, Number of attractors: 2
n80_28, 0.50, Number of attractors: 6
n80_29, 0.40, Number of attractors: 6
n80_3, 2.10, Number of attractors: 4
n80_30, 0.47, Number of attractors: 2
n80_31, 0.38, Number of attractors: 1
n80_32, 0.38, Number of attractors: 1
n80_33, 0.48, Number of attractors: 2
n80_34, 0.34, Number of attractors: 3
n80_35, 0.39, Number of attractors: 3
n80_36, 0.40, Number of attractors: 1
n80_37, 0.33, Number of attractors: 2
n80_38, 0.41, Number of attractors: 1
n80_39, 0.32, Number of attractors: 1
n80_4, 0.32, Number of attractors: 3
n80_40, 0.33, Number of attractors: 1
n80_41, 0.35, Number of attractors: 1
n80_42, 0.43, Number of attractors: 4
n80_43, 0.45, Number of attractors: 2
n80_44, 0.03, Network solved through constant propagation.
n80_45, 4.55, Number of attractors: 1
n80_46, 0.32, Number of attractors: 4
n80_47, 0.36, Number of attractors: 2
n80_48, 0.30, Number of attractors: 2
n80_49, 0.40, Number of attractors: 4
n80_5, 0.51, Number of attractors: 1
n80_50, 0.46, Number of attractors: 1
n80_51, 0.34, Number of attractors: 2
n80_52, 0.42, Number of attractors: 1
n80_53, 0.34, Number of attractors: 4
n80_54, 0.40, Number of attractors: 16
n80_55, 0.36, Number of attractors: 2
n80_56, 0.53, Number of attractors: 2
n80_57, 0.41, Number of attractors: 1
n80_58, 0.36, Number of attractors: 2
n80_59, 0.40, Number of attractors: 3
n80_6, 0.37, Number of attractors: 2
n80_60, 0.37, Number of attractors: 1
n80_61, 0.40, Number of attractors: 1
n80_62, 0.42, Number of attractors: 2
n80_63, 0.37, Number of attractors: 2
n80_64, 0.42, Number of attractors: 4
n80_65, 0.44, Number of attractors: 2
n80_66, 0.41, Number of attractors: 3
n80_67, 0.33, Number of attractors: 2
n80_68, 0.43, Number of attractors: 2
n80_69, 0.32, Number of attractors: 3
n80_7, 0.31, Number of attractors: 2
n80_70, 0.35, Number of attractors: 1
n80_71, 0.31, Number of attractors: 1
n80_72, 0.40, Number of attractors: 7
n80_73, 0.52, Number of attractors: 1
n80_74, 0.34, Number of attractors: 2
n80_75, 0.37, Number of attractors: 1
n80_76, 0.36, Number of attractors: 1
n80_77, 0.34, Number of attractors: 1
n80_78, 0.32, Number of attractors: 2
n80_79, 0.43, Number of attractors: 2
n80_8, 0.36, Number of attractors: 3
n80_80, 0.37, Number of attractors: 2
n80_81, 0.41, Number of attractors: 1
n80_82, 0.03, Network solved through constant propagation.
n80_83, 0.35, Number of attractors: 2
n80_84, 0.53, Number of attractors: 3
n80_85, 0.38, Number of attractors: 2
n80_86, 0.43, Number of attractors: 4
n80_87, 0.31, Number of attractors: 1
n80_88, 0.40, Number of attractors: 4
n80_89, 0.33, Number of attractors: 1
n80_9, 0.43, Number of attractors: 1
n80_90, 0.37, Number of attractors: 2
n80_91, 0.44, Number of attractors: 1
n80_92, 0.37, Number of attractors: 1
n80_93, 0.50, Number of attractors: 1
n80_94, 0.41, Number of attractors: 2
n80_95, 0.32, Number of attractors: 2
n80_96, 0.40, Number of attractors: 1
n80_97, 0.39, Number of attractors: 1
n80_98, 0.42, Number of attractors: 1
n80_99, 0.37, Number of attractors: 2
